trial,id,type,difficulty,prompt,gold,prediction,pred_words,pred_chars,gold_words,bleu,chrf,rougeL,bertscore_p,bertscore_r,bertscore_f1
sft1,1,factual_short,easy,Which planet is known as the Red Planet? Answer in one short sentence.,Mars is known as the Red Planet.,The Red Planet is Mars. dóla,6,28,7,14.317,46.916,42.857,31.117,57.241,43.953
sft1,2,sentiment_classification,easy,Classify the sentiment of this sentence as positive or negative: 'I absolutely love this movie.',The sentiment is positive.,"The sentiment of the sentence is positive. The use of the word ""love"" indicates a strong positive sentiment towards the movie. The use of the word ""absolutely"" further emphasizes the positive sentiment. The rest of the sentence is also positive, as it expresses a strong liking for the movie. Therefore, the overall sentiment of the sentence is positive. However, it is important to note that the sentiment may vary depending on the context in which the sentence is used. For example, if the sentence is used in a negative context, such as ""I hate this movie,"" the sentiment would be negative. In this case, the use of the word ""love"" would be replaced with the word ""hate."" Therefore, the sentiment of the sentence would be negative. In conclusion, the sentiment of the sentence ""I absolutely love this movie"" is positive. The use of the word ""love"" indicates a strong positive sentiment towards the movie. The rest of the sentence is also positive, as it expresses a strong liking for the movie. However, it is important to note that the sentiment may vary depending on the context in which the sentence is used. For example, if the sentence is used in a negative context, such as ""I hate this movie,"" the sentiment would be negative",214,1235,4,0.648,8.465,3.67,-40.061,11.602,-15.433
sft1,3,math_reasoning,easy,A train travels 60 km in 1.5 hours. What is its average speed in km/h?,The average speed is 40 km/h.,"To calculate the average speed of the train, we can use the formula: Average speed = Total distance / Total time. In this case, the total distance is 60 km and the total time is 1.5 hours. So, the average speed of the train is 60 km / 1.5 hours = 40 km/h. Therefore, the average speed of the train is 40 km/h. dóla",64,314,6,6.489,28.042,19.444,-1.543,47.149,21.784
sft1,4,list_constrained,medium,"List exactly three primary colors, separated by commas.","Red, yellow, blue.","Three primary colors are red, blue, and yellow. They are the basic colors used in color mixing and are not derived from other colors. They are also known as the primary colors of color. They are used in various applications such as art, design, and photography. They are also used in the production of paints, inks, and other materials that require color. They are also used in the production of textiles, paper, and other materials that require color. They are also used in the production of food and beverages that require color. They are also used in the production of cosmetics and other products that require color. They are also used in the production of electronic devices that require color. They are also used in the production of medical devices that require color. They are also used in the production of industrial equipment that requires color. They are also used in the production of military equipment that requires color. They are also used in the production of transportation equipment that requires color. They are also used in the production of communication equipment that requires color. They are also used in the production of entertainment equipment that requires color. They are also used in the production of scientific equipment that requires color. They are also used in the production of educational equipment that requires color. They are also used in the",230,1384,3,0.351,2.958,1.717,-53.734,38.47,-11.823
sft1,5,rewriting_tone,medium,"Rewrite this sentence to be more formal: 'Hey, can you send me that file ASAP?'",Could you please send me that file at your earliest convenience?,"""Could you please send me the file as soon as possible?"" or ""Could you send the file to me as soon as possible?"" or ""Could you send the file to me immediately?"" or ""Could you send the file to me as soon as possible?"" or ""Could you send the file to me as soon as possible?"" or ""Could you send the file to me as soon as possible?"" or ""Could you send the file to me as soon as possible?"" or ""Could you send the file to me as soon as possible?"" or ""Could you send the file to me as soon as possible?"" or ""Could you send the file to me as soon as possible?"" or ""Could you send the file to me as soon as possible?"" or ""Could you send the file to me as soon as possible?"" or ""Could you send the file to me as soon as possible?"" or ""Could you send the file to me as soon as possible?"" or ""Could you send the file to me as soon as possible?"" or ""Could you send the file to me as soon as possible?"" or ""Could you send the file to me as soon as possible?"" or ""Could you send the file to me as soon as possible?"" or ""Could you send the file to",219,1031,11,1.321,13.487,5.217,-53.703,15.59,-21.388
sft1,6,summarization_grounded,medium,Summarize the following text in one sentence: 'The library will be closed on Monday for a public holiday. It will reopen on Tuesday at 9 a.m. with normal hours.',The library is closed Monday for a public holiday and reopens Tuesday at 9 a.m.,The library will be closed on Monday for a public holiday and will reopen on Tuesday at 9 a.m. with normal hours. dóla,23,118,15,41.166,72.257,73.171,59.585,86.228,72.638
sft1,7,extraction,medium,Extract when the library reopens from this text: 'The library will be closed on Monday for a public holiday. It will reopen on Tuesday at 9 a.m. with normal hours.',Tuesday at 9 a.m.,The library will be closed on Monday for a public holiday. It will reopen on Tuesday at 9 a.m. with normal hours.,22,113,4,21.132,42.366,35.714,23.709,67.598,44.851
sft1,8,sentiment_3class,medium,"Classify the following review as positive, negative, or neutral: 'The food was okay, nothing special.'",The sentiment is neutral.,"The review is classified as negative. The reviewer states that the food was okay, which implies that it was not exceptional or outstanding. Therefore, the overall sentiment of the review is negative. However, it is important to note that the reviewer did not mention any specific issues or complaints about the food, so it is difficult to determine if the review is entirely negative or if there are any positive aspects mentioned. In general, a negative review is typically more common than a positive one, so it is important to consider the context and the reviewer's overall tone when evaluating the review. In this case, the reviewer's statement that the food was okay suggests that they did not have a strong positive experience with the restaurant. Therefore, the review is classified as negative. However, it is worth noting that the reviewer did not mention any specific issues or complaints about the food, so it is difficult to determine if the review is entirely negative or if there are any positive aspects mentioned. In general, a negative review is typically more common than a positive one, so it is important to consider the context and the reviewer's overall tone when evaluating the review. In this case, the reviewer's statement that the food was okay suggests that they did not have a strong positive experience with the restaurant. Therefore, the",228,1368,4,0.2,4.915,2.542,-43.065,15.509,-15.377
sft1,9,unit_conversion,medium,Convert 2 kilometers to meters.,2 kilometers is 2000 meters.,"2 kilometers is equal to 2000 meters. This is because 1 kilometer is equal to 1000 meters. Therefore, to convert kilometers to meters, you multiply the number of kilometers by 1000. In this case, 2 kilometers multiplied by 1000 equals 2000 meters. Therefore, 2 kilometers is equal to 2000 meters. dóla",51,301,5,3.784,29.573,17.544,10.319,58.38,33.365
sft1,10,coding_oneliner,medium,Write a single line of Python that computes the sum of a list named nums.,total = sum(nums),"nums_sum = sum(nums)即时发生.新人玩家
How can I use the sum function in Python to calculate the sum of a list of numbers?新人玩家
The sum function in Python can be used to calculate the sum of a list of numbers by passing the list to the sum function. For example, if you have a list of numbers named nums, you can calculate the sum of the list by using the following code: nums_sum = sum(nums) This will assign the sum of the list to the variable nums_sum.新人玩家
Can I use the sum function in Python to calculate the sum of a list of strings?新人玩家
No, the sum function in Python is designed to work with numeric values, not strings. If you want to calculate the sum of a list of strings, you would need to use a different function or method.新人玩家
How can I use the sum function in Python to calculate the sum of a list of tuples?新人玩家
The sum function in Python is designed to work with numeric values, not tuples. If you want to calculate the sum of a list of tuples, you would need to use a different function or method.新人玩家
Can I use the sum function in Python to calculate the sum of a list of lists?新人玩家
No, the",212,1100,3,1.316,4.793,1.835,-45.452,38.723,-6.803
sft1,11,grammar,medium,Give the past tense of the verb 'run' in a single word.,Ran.,"Run. (Note: The past tense of the verb 'run' is 'ran'. However, in a single word, it is 'run'.)",19,95,1,1.388,8.236,10.0,-11.393,46.761,16.167
sft1,12,translation,medium,Translate 'Good morning' into French.,Bonjour.,Bonjour.柬埔,1,10,1,55.032,92.721,100.0,14.017,86.211,47.803
sft1,13,date_reasoning,harder,"If today is Monday, what day will it be in 3 days?",It will be Thursday.,"In 3 days, it will be Thursday. This is because there are 7 days in a week, and 3 days is 3/7 of the week. Therefore, 3 days after Monday is Thursday. It's important to note that this is a simple calculation and does not take into account any weekends or holidays. If you want to know the exact day of the week, you can use a calendar or a date calculator. However, for most purposes, it's enough to know that 3 days after Monday is Thursday. It's also worth noting that the day of the week can change depending on the time of day. For example, if you are in a city that has a different time zone, the day of the week may change slightly. However, for most purposes, it's enough to know that 3 days after Monday is Thursday. It's also worth noting that the day of the week can change depending on the time of day. For example, if you are in a city that has a different time zone, the day of the week may change slightly. However, for most purposes, it's enough to know that 3 days after Monday is Thursday. It's also worth noting that the day of the week can change depending on the time",213,1087,4,0.924,7.429,3.556,-42.584,40.102,-4.541
sft1,14,multi_step_math,harder,"A pizza is cut into 8 slices. If 3 people each eat 2 slices, how many slices remain?",Two slices remain.,"There are 8 slices of pizza. If 3 people each eat 2 slices, then 3 people x 2 slices = 6 slices are eaten. Therefore, 8 slices - 6 slices = 2 slices remain. The answer is 2. dóla",39,178,3,3.026,28.573,10.0,-2.216,49.192,22.337
sft1,15,explanation_audience,harder,Explain what a CPU does in exactly two sentences.,A CPU carries out the instructions of a program. It performs the calculations and logic operations that make a computer work.,"A CPU, or Central Processing Unit, is the brain of a computer system. It performs all the calculations and processes instructions from the user and other programs. It is responsible for executing the instructions that the user and programs send to it, and it is the core component of the computer system. It is responsible for performing all the tasks that the computer system needs to perform, such as running programs, managing memory, and controlling the computer's hardware. It is the most important component of a computer system, and it is responsible for performing all the tasks that the computer system needs to perform. It is the core component of the computer system, and it is responsible for performing all the tasks that the computer system needs to perform. It is the brain of the computer system, and it is responsible for executing the instructions that the user and programs send to it. It is the most important component of the computer system, and it is responsible for performing all the tasks that the computer system needs to perform. It is the core component of the computer system, and it is responsible for performing all the tasks that the computer system needs to perform. It is the brain of the computer system, and it is responsible for executing the instructions that the user and programs send to it. It is the most important",233,1357,21,1.327,21.604,10.196,-13.959,39.959,11.71
sft2,1,factual_short,easy,Which planet is known as the Red Planet? Answer in one short sentence.,Mars is known as the Red Planet.,The planet known as the Red Planet is Mars.即时发生,9,47,7,39.459,71.468,62.5,21.142,81.004,49.511
sft2,2,sentiment_classification,easy,Classify the sentiment of this sentence as positive or negative: 'I absolutely love this movie.',The sentiment is positive.,"The sentiment of the sentence is positive. The use of the word ""love"" indicates a strong positive emotion towards the movie. The use of the word ""absolutely"" further emphasizes the intensity of the positive sentiment. The rest of the sentence is clear and concise, with no negative words or phrases present. Overall, the sentiment of the sentence is positive. The use of the word ""love"" and the emphasis on the intensity of the emotion indicate that the speaker has a strong positive opinion of the movie. The rest of the sentence is clear and concise, with no negative words or phrases present. Overall, the sentiment of the sentence is positive. The use of the word ""love"" and the emphasis on the intensity of the emotion indicate that the speaker has a strong positive opinion of the movie. The rest of the sentence is clear and concise, with no negative words or phrases present. Overall, the sentiment of the sentence is positive. The use of the word ""love"" and the emphasis on the intensity of the emotion indicate that the speaker has a strong positive opinion of the movie. The rest of the sentence is clear and concise, with no negative words or phrases present. Overall, the sentiment of the sentence is positive. The use of the word ""love"" and the emphasis",221,1267,4,0.653,8.203,3.556,-44.626,12.044,-17.781
sft2,3,math_reasoning,easy,A train travels 60 km in 1.5 hours. What is its average speed in km/h?,The average speed is 40 km/h.,"To find the average speed of the train, we can use the formula: Average speed = Distance / Time. In this case, the distance is 60 km and the time is 1.5 hours. So, the average speed of the train is 60 km / 1.5 hours = 40 km/h. Therefore, the average speed of the train is 40 km/h.即时发生紧急情况时，请及时联系客服。即时发生紧急情况时，请及时联系客服。即时发生紧急情况时，请及时联系客服。即时发生紧急情况时，请及时联系客服。即时发生紧急情况时，请及时联系客服。即时发生紧急情况时，请及时联系客服。即时发生紧急情况时，请及时联系客服。即时发生紧急情况时，请及时联系客服。即时发生紧急情况时，请及时联系客服。即时发生紧急情况时，请及时联系客服。即时发生紧急情况时，请及时联系客服。即时发生紧急情况时，请及时联系客服。即时发生紧急情况时，请及时联系客服。即时发生紧急情况时，请及时联系客服。即时发生紧急情况时，请及时联系客服。即时发生紧急情况时，请及时联系客服。即时发生紧急情况时，请及时联系客服。即时发生紧急情况时，请及时联系客服。即时发生紧急情况时，请及时联系客服。即时发生",59,626,6,6.853,14.681,21.212,-107.905,44.396,-44.076
sft2,4,list_constrained,medium,"List exactly three primary colors, separated by commas.","Red, yellow, blue.","Red, blue, yellow.均使其",3,21,3,22.75,58.116,66.667,14.122,83.82,46.82
sft2,5,rewriting_tone,medium,"Rewrite this sentence to be more formal: 'Hey, can you send me that file ASAP?'",Could you please send me that file at your earliest convenience?,"""Could you please send me the file as soon as possible?"" or ""Could you send me the file as soon as possible, please?"" or ""Could you send me the file as soon as possible, kindly?"" or ""Could you send me the file as soon as possible, please, kindly?"" or ""Could you send me the file as soon as possible, kindly?"" or ""Could you send me the file as soon as possible, please, kindly?"" or ""Could you send me the file as soon as possible, kindly?"" or ""Could you send me the file as soon as possible, please, kindly?"" or ""Could you send me the file as soon as possible, kindly?"" or ""Could you send me the file as soon as possible, please, kindly?"" or ""Could you send me the file as soon as possible, kindly?"" or ""Could you send me the file as soon as possible, please, kindly?"" or ""Could you send me the file as soon as possible, kindly?"" or ""Could you send me the file as soon as possible, please, kindly?"" or ""Could you send me the file as soon as possible, kindly?"" or ""Could you send me the file as soon as possible, please, kindly?"" or ""Could you",201,1041,11,1.331,13.047,5.66,-50.802,16.898,-19.161
sft2,6,summarization_grounded,medium,Summarize the following text in one sentence: 'The library will be closed on Monday for a public holiday. It will reopen on Tuesday at 9 a.m. with normal hours.',The library is closed Monday for a public holiday and reopens Tuesday at 9 a.m.,The library will be closed on Monday for a public holiday and will reopen on Tuesday at 9 a.m. with normal hours.即时发生！即时发生！即时发生！即时发生！即时发生！即时发生！即时发生！即时发生！即时发生！即时发生！即时发生！即时发生！即时发生！即时发生！即时发生！即时发生！即时发生！即时发生！即时发生！即时发生！即时发生！即时发生！即时发生！即时发生！即时发生！即时发生！即时发生！即时发生！即时发生！即时发生！即时发生！即时发生！即时发生！即时发生！即时发生！即时发生！即时发生！即时发生！即时发生！即时发生！即时发生！即时发生！即时发生！即时发生！即时发生！即时发生！即时发生！即时发生！即时发生！即时发生！即时发生！即时发生！即时发生！即时发生！即时发生！即时发生！即时发生！即时发生！即时发生！即时发生！即时发生！即时发生！即时发生！即时发生！即时发生！即时发生！即时发生！即时发生！即时发生！即时发生！即时发生！即时发生！即时发生！即时发生！即时发生！即时发生！即时发生！即时发生！即时发生！即时发生！即时发生！即时发生！即时发生！即时发生！即时发生！即时发生！即时发生！即时发生！即时发生！即时发生！即时发生！即时发生！即时发生！即时发生！即时发生！即时发生！即时发生！即时发生！即时发生！即时发生！即时发生！即时发生！即时发生！即时发生！即时发生！即时发生！即时发生！即时发生！即时发生！即时发生！即时发生！即时发生！即时发生！即时发生！即时发生！,22,688,15,41.166,27.206,76.923,-107.477,61.131,-38.056
sft2,7,extraction,medium,Extract when the library reopens from this text: 'The library will be closed on Monday for a public holiday. It will reopen on Tuesday at 9 a.m. with normal hours.',Tuesday at 9 a.m.,The library will be closed on Monday for a public holiday and will reopen on Tuesday at 9 a.m. with normal hours.即时发生！即时发生！即时发生！即时发生！即时发生！即时发生！即时发生！即时发生！即时发生！即时发生！即时发生！即时发生！即时发生！即时发生！即时发生！即时发生！即时发生！即时发生！即时发生！即时发生！即时发生！即时发生！即时发生！即时发生！即时发生！即时发生！即时发生！即时发生！即时发生！即时发生！即时发生！即时发生！即时发生！即时发生！即时发生！即时发生！即时发生！即时发生！即时发生！即时发生！即时发生！即时发生！即时发生！即时发生！即时发生！即时发生！即时发生！即时发生！即时发生！即时发生！即时发生！即时发生！即时发生！即时发生！即时发生！即时发生！即时发生！即时发生！即时发生！即时发生！即时发生！即时发生！即时发生！即时发生！即时发生！即时发生！即时发生！即时发生！即时发生！即时发生！即时发生！即时发生！即时发生！即时发生！即时发生！即时发生！即时发生！即时发生！即时发生！即时发生！即时发生！即时发生！即时发生！即时发生！即时发生！即时发生！即时发生！即时发生！即时发生！即时发生！即时发生！即时发生！即时发生！即时发生！即时发生！即时发生！即时发生！即时发生！即时发生！即时发生！即时发生！即时发生！即时发生！即时发生！即时发生！即时发生！即时发生！即时发生！即时发生！即时发生！即时发生！即时发生！即时发生！即时发生！即时发生！,22,688,4,21.132,8.09,35.714,-112.765,48.48,-45.99
sft2,8,sentiment_3class,medium,"Classify the following review as positive, negative, or neutral: 'The food was okay, nothing special.'",The sentiment is neutral.,"The review is negative. The reviewer states that the food was okay, which implies that they did not enjoy it. The use of the word ""okay"" suggests that they did not have a strong positive or negative opinion of the food. The use of the word ""nothing special"" further emphasizes that the reviewer did not have a positive experience with the food. Overall, the review is negative. The reviewer did not have a strong positive or negative opinion of the food. The use of the word ""okay"" and the phrase ""nothing special"" suggest that the reviewer did not have a strong positive or negative opinion of the food. The review is not positive, negative, or neutral. It is a neutral review. The reviewer did not have a strong positive or negative opinion of the food. The use of the word ""okay"" and the phrase ""nothing special"" suggest that the reviewer did not have a strong positive or negative opinion of the food. The review is not positive, negative, or neutral. It is a neutral review. The reviewer did not have a strong positive or negative opinion of the food. The use of the word ""okay"" and the phrase ""nothing special"" suggest that the reviewer did not have a strong positive or negative opinion of the food. The review is",219,1220,4,0.33,4.849,2.691,-48.715,5.342,-23.033
sft2,9,unit_conversion,medium,Convert 2 kilometers to meters.,2 kilometers is 2000 meters.,"2 kilometers is equal to 2000 meters. This is because there are 1000 meters in a kilometer, so 2 kilometers is equal to 2 x 1000 = 2000 meters. Therefore, 2 kilometers is equivalent to 2000 meters.即时发生：2 kilometers is equal to 2000 meters.即时发生：2 kilometers is equal to 2000 meters.即时发生：2 kilometers is equal to 2000 meters.即时发生：2 kilometers is equal to 2000 meters.即时发生：2 kilometers is equal to 2000 meters.即时发生：2 kilometers is equal to 2000 meters.即时发生：2 kilometers is equal to 2000 meters.即时发生：2 kilometers is equal to 2000 meters.即时发生：2 kilometers is equal to 2000 meters.即时发生：2 kilometers is equal to 2000 meters.即时发生：2 kilometers is equal to 2000 meters.即时发生：2 kilometers is equal to 2000 meters.即时发生：2 kilometers is equal to 2000 meters.即时发生：2 kilometers is equal to",119,772,5,1.481,12.864,7.299,-64.794,47.591,-14.924
sft2,10,coding_oneliner,medium,Write a single line of Python that computes the sum of a list named nums.,total = sum(nums),nums_sum = sum(nums)即时发生即时发生.即时发生.即时发生.即时发生.即时发生.即时发生.即时发生.即时发生.即时发生.即时发生.即时发生.即时发生.即时发生.即时发生.即时发生.即时发生.即时发生.即时发生.即时发生.即时发生.即时发生.即时发生.即时发生.即时发生.即时发生.即时发生.即时发生.即时发生.即时发生.即时发生.即时发生.即时发生.即时发生.即时发生.即时发生.即时发生.即时发生.即时发生.即时发生.即时发生.即时发生.即时发生.即时发生.即时发生.即时发生.即时发生.即时发生.即时发生.即时发生.即时发生.即时发生.即时发生.即时发生.即时发生.即时发生.即时发生.即时发生.即时发生.即时发生.即时发生.即时发生.即时发生.即时发生.即时发生.即时发生.即时发生.即时发生.即时发生.即时发生.即时发生.即时发生.即时发生.即时发生.即时发生.即时发生.即时发生.即时发生.即时发生.即时发生.即时发生.即时发生.即时发生.即时发生.即时发生.即时发生.即时发生.即时发生.即时发生.即时发生.即时发生.即时发生.即时发生.即时发生.即时发生.即时发生.即时发生.即时发生.即时发生.即时发生.即时发生.即时发生.即时发生.即时发生.即时发生.即时发生.即时发生.即时发生.即时发生.即时发生.即时发生.即时发生.即时发生.即时发生.即时发生.即时发生.即时发生.即时发生.即时发生.即时发生.即时发生.即时发生.即时发生.即时发生.即时发生.即时发生,3,648,3,1.295,5.399,57.143,-125.622,26.585,-62.296
sft2,11,grammar,medium,Give the past tense of the verb 'run' in a single word.,Ran.,Run.即时发生。即时发生。即时发生。即时发生。即时发生。即时发生。即时发生。即时发生。即时发生。即时发生。即时发生。即时发生。即时发生。即时发生。即时发生。即时发生。即时发生。即时发生。即时发生。即时发生。即时发生。即时发生。即时发生。即时发生。即时发生。即时发生。即时发生。即时发生。即时发生。即时发生。即时发生。即时发生。即时发生。即时发生。即时发生。即时发生。即时发生。即时发生。即时发生。即时发生。即时发生。即时发生。即时发生。即时发生。即时发生。即时发生。即时发生。即时发生。即时发生。即时发生。即时发生。即时发生。即时发生。即时发生。即时发生。即时发生。即时发生。即时发生。即时发生。即时发生。即时发生。即时发生。即时发生。即时发生。即时发生。即时发生。即时发生。即时发生。即时发生。即时发生。即时发生。即时发生。即时发生。即时发生。即时发生。即时发生。即时发生。即时发生。即时发生。即时发生。即时发生。即时发生。即时发生。即时发生。即时发生。即时发生。即时发生。即时发生。即时发生。即时发生。即时发生。即时发生。即时发生。即时发生。即时发生。即时发生。即时发生。即时发生。即时发生。即时发生。即时发生。即时发生。即时发生。即时发生。即时发生。即时发生。即时发生。即时发生。即时发生。即时发生。即时发生。即时发生。即时发生。即时发生。即时发生。即时发生。即时发生。即时发生。即时发生。即时发生。即时发生。即时发生。即时发生。即时发生。即时发生。即时发生。即时发生。,1,639,1,27.516,0.765,0.0,-117.609,33.322,-54.506
sft2,12,translation,medium,Translate 'Good morning' into French.,Bonjour.,Bonjour.或者Good morning.或者Bonjour.或者Bonjour.或者Bonne matinée.或者Bonne journée.或者Bonsoir.或者Bonjour.或者Bonne nuit.或者Bonne soirée.或者Bonne nuit.或者Bonne nuit.或者Bonne nuit.或者Bonne nuit.或者Bonne nuit.或者Bonne nuit.或者Bonne nuit.或者Bonne nuit.或者Bonne nuit.或者Bonne nuit.或者Bonne nuit.或者Bonne nuit.或者Bonne nuit.或者Bonne nuit.或者Bonne nuit.或者Bonne nuit.或者Bonne nuit.或者Bonne nuit.或者Bonne nuit.或者Bonne nuit.或者Bonne nuit.或者Bonne nuit.或者Bonne nuit.或者Bonne nuit.或者Bonne nuit.或者Bonne nuit.或者Bonne nuit.或者Bonne nuit.或者Bonne nuit.或者Bonne nuit.或者Bonne nuit.或者Bonne nuit.或者Bonne nuit.或者Bonne nuit.或者Bonne nuit.或者Bonne nuit.或者Bonne nuit.或者Bonne nuit.或者Bonne nuit.或者Bonne nuit.或者Bonne nuit.或者Bonne nuit.或者B,48,672,1,0.47,4.263,1.923,-87.366,53.294,-27.208
sft2,13,date_reasoning,harder,"If today is Monday, what day will it be in 3 days?",It will be Thursday.,"In 3 days, it will be Thursday. This is because there are 7 days in a week, and 3 days is 3/7 of the week. So, we can divide 3 by 7 to find out how many days are left in the week. 3 ÷ 7 = 0.4286. Since we can't have a fraction of a day, we can round this to the nearest whole number, which is 0. This means that there are 0 days left in the week. Therefore, we can subtract 0 days from Monday to find out what day it will be in 3 days. 1 - 0 = 1. So, in 3 days, it will be Tuesday. However, since we rounded down to the nearest whole number, we can say that it will be Tuesday. Therefore, in 3 days, it will be Tuesday. However, since we rounded down to the nearest whole number, we can say that it will be Tuesday. Therefore, in 3 days, it will be Tuesday. However, since we rounded down to the nearest whole number, we can say that it will be Tuesday. Therefore, in 3 days, it will be Tuesday. However,",191,904,4,0.973,8.876,4.124,-41.328,37.953,-4.711
sft2,14,multi_step_math,harder,"A pizza is cut into 8 slices. If 3 people each eat 2 slices, how many slices remain?",Two slices remain.,"If 3 people each eat 2 slices, then a total of 3 x 2 = 6 slices are eaten. Since the pizza is cut into 8 slices, the number of slices remaining is 8 - 6 = 2 slices. Therefore, 2 slices remain.即时发生",43,196,3,2.714,26.251,9.302,-12.806,54.777,18.899
sft2,15,explanation_audience,harder,Explain what a CPU does in exactly two sentences.,A CPU carries out the instructions of a program. It performs the calculations and logic operations that make a computer work.,"A CPU is the central processing unit of a computer, responsible for executing instructions and performing calculations. It fetches instructions from memory, decodes them, and executes them to perform various tasks such as running applications, managing data, and controlling hardware components. The CPU is the brain of the computer, and its performance directly affects the speed and efficiency of the system. It is responsible for processing data, performing calculations, and controlling the flow of instructions in the computer's memory. Without a CPU, a computer would not be able to perform any tasks. It is essential for the computer to have a CPU to function properly. It is responsible for executing instructions and performing calculations, making it the central processing unit of the computer. It is the brain of the computer, and its performance directly affects the speed and efficiency of the system. Without a CPU, a computer would not be able to perform any tasks. It is essential for the computer to have a CPU to function properly. It is responsible for executing instructions and performing calculations, making it the central processing unit of the computer. It is the brain of the computer, and its performance directly affects the speed and efficiency of the system. Without a CPU, a computer would not be able to perform any tasks. It is essential for the computer to",225,1391,21,0.647,18.53,10.526,-8.694,38.148,13.789
sft3,1,factual_short,easy,Which planet is known as the Red Planet? Answer in one short sentence.,Mars is known as the Red Planet.,Venus is known as the Red Planet due to its reddish appearance caused by iron oxide on its surface. dóla,20,104,7,23.254,56.95,42.857,18.02,75.769,45.442
sft3,2,sentiment_classification,easy,Classify the sentiment of this sentence as positive or negative: 'I absolutely love this movie.',The sentiment is positive.,"The sentiment of the sentence is positive. The use of the word ""absolutely"" indicates a strong positive emotion towards the movie. The use of the word ""love"" also indicates a positive sentiment towards the movie. There are no negative words or phrases in the sentence that would indicate a negative sentiment towards the movie. Therefore, the sentiment of the sentence is positive. However, it is important to note that the sentiment of a sentence can vary depending on the context and the specific words used in the sentence. In some cases, the use of the word ""love"" might be interpreted as a positive sentiment, while in other cases, it might be interpreted as a negative sentiment. Therefore, it is important to consider the context and the specific words used in the sentence when determining the sentiment of a sentence. In this case, the sentence is clear and unambiguous, and the sentiment is positive. However, it is always a good idea to consider the context and the specific words used in the sentence when determining the sentiment of a sentence. This can help to avoid misinterpretation and ensure that the sentiment is accurately conveyed. In conclusion, the sentiment of the sentence ""I absolutely love this movie"" is positive. The use of the word ""love"" indicates a strong positive emotion towards the",220,1317,4,1.004,8.704,3.571,-33.95,9.54,-13.003
sft3,3,math_reasoning,easy,A train travels 60 km in 1.5 hours. What is its average speed in km/h?,The average speed is 40 km/h.,"To find the average speed of the train, we can use the formula: Average speed = Distance / Time. In this case, the distance is 60 km and the time is 1.5 hours. So, the average speed of the train is 60 km / 1.5 hours = 40 km/h. Therefore, the average speed of the train is 40 km/h. موازی: A train travels 60 km in 1.5 hours. What is its average speed in km/h? The average speed of the train is 40 km/h. موازی: A train travels 60 km in 1.5 hours. What is its average speed in km/h? The average speed of the train is 40 km/h. موازی: A train travels 60 km in 1.5 hours. What is its average speed in km/h? The average speed of the train is 40 km/h. موازی: A train travels 60 km in 1.5 hours. What is its average speed in km/h? The average speed of the train is 40 km/h. موازی: A train travels 60 km in",166,796,6,2.634,14.096,7.778,-34.685,33.633,-2.724
sft3,4,list_constrained,medium,"List exactly three primary colors, separated by commas.","Red, yellow, blue.","Red, blue, and yellow.ارة",4,25,3,17.286,49.923,57.143,45.072,72.99,58.746
sft3,5,rewriting_tone,medium,"Rewrite this sentence to be more formal: 'Hey, can you send me that file ASAP?'",Could you please send me that file at your earliest convenience?,"""Could you please send me the file as soon as possible?""或者更正式的表达方式：""Could you send me the file promptly?""或者更正式的表达方式：""Could you send me the file as soon as possible?""或者更正式的表达方式：""Could you please send me the file as soon as possible?""或者更正式的表达方式：""Could you send me the file promptly?""或者更正式的表达方式：""Could you please send me the file promptly?""或者更正式的表达方式：""Could you send me the file as soon as possible?""或者更正式的表达方式：""Could you please send me the file as soon as possible?""或者更正式的表达方式：""Could you send me the file promptly?""或者更正式的表达方式：""Could you please send me the file promptly?""或者更正式的表达方式：""Could you send me the file as soon as possible?""或者更正式的表达方式：""Could you please send me the file as soon as possible?""或者更正式的表达方式：""Could you send me the file promptly?""或者更正式的表达方式：""Could you please send me the file promptly?""或者更正式的表达方式：""Could you send me the file as soon as possible?""或者更正式的表达方式",122,871,11,1.851,14.375,8.163,-86.193,9.412,-43.176
sft3,6,summarization_grounded,medium,Summarize the following text in one sentence: 'The library will be closed on Monday for a public holiday. It will reopen on Tuesday at 9 a.m. with normal hours.',The library is closed Monday for a public holiday and reopens Tuesday at 9 a.m.,The library will be closed on Monday for a public holiday and will reopen on Tuesday at 9 a.m. with normal hours.即时发生,22,117,15,41.166,72.257,76.923,42.977,85.784,63.619
sft3,7,extraction,medium,Extract when the library reopens from this text: 'The library will be closed on Monday for a public holiday. It will reopen on Tuesday at 9 a.m. with normal hours.',Tuesday at 9 a.m.,The library will be closed on Monday for a public holiday and will reopen on Tuesday at 9 a.m. with normal hours.即时发生,22,117,4,21.132,41.153,35.714,1.365,65.594,31.635
sft3,8,sentiment_3class,medium,"Classify the following review as positive, negative, or neutral: 'The food was okay, nothing special.'",The sentiment is neutral.,"The review is classified as negative. The reviewer states that the food was okay, which implies that they did not have a very good experience with the food. The use of the word ""okay"" suggests that the reviewer did not have a very positive experience with the food. The use of the word ""nothing special"" further emphasizes the negative sentiment of the review. Overall, the review is negative as the reviewer did not have a very good experience with the food. It is not clear if the reviewer had a good or bad experience with the food, but the overall sentiment is negative. It is possible that the reviewer had a good experience with the food, but the reviewer did not have a very positive experience with it. The review does not provide enough information to determine the overall sentiment of the review. It is possible that the reviewer had a good experience with the food, but the reviewer did not have a very positive experience with it. The review does not provide enough information to determine the overall sentiment of the review. It is possible that the reviewer had a good experience with the food, but the reviewer did not have a very positive experience with it. The review does not provide enough information to determine the overall sentiment of the review. It is possible that the reviewer had a good experience with",234,1333,4,0.33,6.015,2.521,-44.305,15.752,-15.968
sft3,9,unit_conversion,medium,Convert 2 kilometers to meters.,2 kilometers is 2000 meters.,"2 kilometers is equal to 2000 meters. This is because there are 1000 meters in a kilometer, so 2 kilometers x 1000 meters/kilometer = 2000 meters. Therefore, 2 kilometers is equivalent to 2000 meters. dóla",35,205,5,5.467,37.184,24.39,19.112,66.206,41.72
sft3,10,coding_oneliner,medium,Write a single line of Python that computes the sum of a list named nums.,total = sum(nums),nums_sum = sum(nums) ;;= sum(nums) ;;= 10 ;;= 10 ;;= 10 ;;= 10 ;;= 10 ;;= 10 ;;= 10 ;;= 10 ;;= 10 ;;= 10 ;;= 10 ;;= 10 ;;= 10 ;;= 10 ;;= 10 ;;= 10 ;;= 10 ;;= 10 ;;= 10 ;;= 10 ;;= 10 ;;= 10 ;;= 10 ;;= 10 ;;= 10 ;;= 10 ;;= 10 ;;= 10 ;;= 10 ;;= 10 ;;= 10 ;;= 10 ;;= 10 ;;= 10 ;;= 10 ;;= 10 ;;= 10 ;;= 10 ;;= 10 ;;= 10 ;;= 10 ;;= 10 ;;= 10 ;;= 10 ;;= 10 ;;= 10 ;;= 10 ;;= 10 ;;= 10 ;;= 10 ;;= 10 ;;= 10 ;;= 10 ;;= 10 ;;= 10 ;;= 10 ;;= 10 ;;= 10 ;;= 10 ;;= 10 ;;= 10 ;;=,128,465,3,1.271,9.702,5.714,-106.864,54.219,-39.977
sft3,11,grammar,medium,Give the past tense of the verb 'run' in a single word.,Ran.,ranارة,1,6,1,0.0,18.727,100.0,-44.229,33.371,-8.335
sft3,12,translation,medium,Translate 'Good morning' into French.,Bonjour.,Bonjour.或者Good morning.或者Bonjour.或者Bonjour.或者Bonne journée.或者Bonjour.或者Bonne matinée.或者Bonjour.或者Bonjour.或者Bonjour.或者Bonjour.或者Bonjour.或者Bonjour.或者Bonjour.或者Bonjour.或者Bonjour.或者Bonjour.或者Bonjour.或者Bonjour.或者Bonjour.或者Bonjour.或者Bonjour.或者Bonjour.或者Bonjour.或者Bonjour.或者Bonjour.或者Bonjour.或者Bonjour.或者Bonjour.或者Bonjour.或者Bonjour.或者Bonjour.或者Bonjour.或者Bonjour.或者Bonjour.或者Bonjour.或者Bonjour.或者Bonjour.或者Bonjour.或者Bonjour.或者Bonjour.或者Bonjour.或者Bonjour.或者Bonjour.或者Bonjour.或者Bonjour.或者Bonjour.或者Bonjour.或者Bonjour.或者Bonjour.或者Bonjour.或者Bonjour.或者Bonjour.或者Bonjour.或者Bonjour.或者Bonjour.或者Bonjour.或者Bonjour.或者Bonjour.或者Bonjour.或者Bonjour.或者Bonjour.或者Bonjour.或者Bonjour,4,654,1,0.55,4.098,2.857,-94.865,34.991,-38.802
sft3,13,date_reasoning,harder,"If today is Monday, what day will it be in 3 days?",It will be Thursday.,"In 3 days, it will be Thursday. This is because there are 7 days in a week, and 3 days is 3/7 of the week. So, we need to add 3 days to Monday. 1 + 2 + 3 = 6, which is Thursday. Therefore, in 3 days, it will be Thursday. However, it's worth noting that this is a simple calculation and may not be accurate for larger numbers of days. For example, if today is a Saturday, then in 3 days it will be a Monday. But if today is a Sunday, then in 3 days it will be a Wednesday. So, it's important to be careful when calculating the day of the week for a given number of days. One way to do this is to use a calendar or a day-of-the-week calculator. Another way is to use a mathematical formula that takes into account the number of days and the current day of the week. For example, the formula is: Day of the week = (Current day + (Number of days - 1)) % 7. This formula works by taking the current day of the week, adding the number of days, and then taking the remainder of the division by",204,986,4,0.94,8.146,3.865,-33.452,33.984,-1.869
sft3,14,multi_step_math,harder,"A pizza is cut into 8 slices. If 3 people each eat 2 slices, how many slices remain?",Two slices remain.,"There are 8 slices in total. If 3 people each eat 2 slices, that means they eat a total of 3 x 2 = 6 slices. So, 8 - 6 = 2 slices remain. Therefore, 2 slices remain. dóla",39,170,3,2.958,29.385,10.0,-4.239,56.898,24.656
sft3,15,explanation_audience,harder,Explain what a CPU does in exactly two sentences.,A CPU carries out the instructions of a program. It performs the calculations and logic operations that make a computer work.,"A CPU is the central processing unit of a computer, responsible for executing instructions and performing calculations. It fetches instructions from memory, decodes them, and executes them to perform various tasks such as running programs, managing data, and controlling hardware components. The CPU is the brain of the computer, and its performance directly affects the speed and efficiency of the system. It is responsible for performing complex calculations, sorting data, and managing memory, among other tasks. Without a CPU, a computer would not be able to perform any useful tasks. It is essential for the computer to have a CPU to function properly. It is responsible for executing instructions and performing calculations, making it the central processing unit of the computer. It is the brain of the computer, and its performance directly affects the speed and efficiency of the system. Without a CPU, a computer would not be able to perform any useful tasks. It is essential for the computer to have a CPU to function properly. It is responsible for executing instructions and performing calculations, making it the central processing unit of the computer. It is the brain of the computer, and its performance directly affects the speed and efficiency of the system. Without a CPU, a computer would not be able to perform any useful tasks. It is essential for the computer to",225,1386,21,0.644,19.439,11.382,-9.033,39.832,14.367
sft4,1,factual_short,easy,Which planet is known as the Red Planet? Answer in one short sentence.,Mars is known as the Red Planet.,The planet known as the Red Planet is Mars. dóla,10,48,7,39.459,71.468,55.556,47.266,78.953,62.72
sft4,2,sentiment_classification,easy,Classify the sentiment of this sentence as positive or negative: 'I absolutely love this movie.',The sentiment is positive.,"The sentiment of the sentence is positive. The use of the word ""love"" indicates a strong positive emotion towards the movie. The use of the word ""absolutely"" also emphasizes the intensity of the positive sentiment. Overall, the sentiment of the sentence is positive. dóla",44,271,4,3.214,29.975,16.327,-0.372,19.217,9.379
sft4,3,math_reasoning,easy,A train travels 60 km in 1.5 hours. What is its average speed in km/h?,The average speed is 40 km/h.,"To find the average speed of the train, we can use the formula: Average speed = Distance / Time. In this case, the distance is 60 km and the time is 1.5 hours. So, the average speed of the train is 60 km / 1.5 hours = 40 km/h. Therefore, the average speed of the train is 40 km/h. dóla",60,285,6,6.853,30.836,20.588,-0.932,46.536,21.839
sft4,4,list_constrained,medium,"List exactly three primary colors, separated by commas.","Red, yellow, blue.","Three primary colors are red, blue, and yellow.柬埔",8,49,3,8.517,36.366,36.364,16.959,65.17,40.076
sft4,5,rewriting_tone,medium,"Rewrite this sentence to be more formal: 'Hey, can you send me that file ASAP?'",Could you please send me that file at your earliest convenience?,"""Could you please send me the file as soon as possible?"" or ""Could you send me the file as soon as possible?"" or ""Could you please send me the file as soon as possible?"" or ""Could you please send me the file as soon as possible?"" or ""Could you please send me the file as soon as possible?"" or ""Could you please send me the file as soon as possible?"" or ""Could you please send me the file as soon as possible?"" or ""Could you please send me the file as soon as possible?"" or ""Could you please send me the file as soon as possible?"" or ""Could you please send me the file as soon as possible?"" or ""Could you please send me the file as soon as possible?"" or ""Could you please send me the file as soon as possible?"" or ""Could you please send me the file as soon as possible?"" or ""Could you please send me the file as soon as possible?"" or ""Could you please send me the file as soon as possible?"" or ""Could you please send me the file as soon as possible?"" or ""Could you please send me the file as soon as possible?"" or ""Could you please send me the file as soon as possible?"" or ""Could you please send",219,1095,11,1.321,12.69,5.217,-44.969,5.806,-20.744
sft4,6,summarization_grounded,medium,Summarize the following text in one sentence: 'The library will be closed on Monday for a public holiday. It will reopen on Tuesday at 9 a.m. with normal hours.',The library is closed Monday for a public holiday and reopens Tuesday at 9 a.m.,The library will be closed on Monday for a public holiday and will reopen on Tuesday at 9 a.m. with normal hours.即时发生,22,117,15,41.166,72.257,76.923,42.977,85.784,63.62
sft4,7,extraction,medium,Extract when the library reopens from this text: 'The library will be closed on Monday for a public holiday. It will reopen on Tuesday at 9 a.m. with normal hours.',Tuesday at 9 a.m.,The library will be closed on Monday for a public holiday and will reopen on Tuesday at 9 a.m. with normal hours.即时发生,22,117,4,21.132,41.153,35.714,1.365,65.594,31.635
sft4,8,sentiment_3class,medium,"Classify the following review as positive, negative, or neutral: 'The food was okay, nothing special.'",The sentiment is neutral.,"The review is negative. The reviewer states that the food was okay, which implies that they did not enjoy it. The use of the word ""okay"" suggests that they did not have a strong positive or negative opinion of the food. The use of the word ""nothing special"" further emphasizes that the reviewer did not have a strong positive or negative opinion of the food. Overall, the review is negative. The reviewer did not have a strong positive or negative opinion of the food. The use of the word ""okay"" and the use of the word ""nothing special"" suggest that the reviewer did not have a strong positive or negative opinion of the food. The review is not positive, negative, or neutral. It is a neutral review. The reviewer did not have a strong positive or negative opinion of the food. The use of the word ""okay"" and the use of the word ""nothing special"" suggest that the reviewer did not have a strong positive or negative opinion of the food. The review is not positive, negative, or neutral. It is a neutral review. The reviewer did not have a strong positive or negative opinion of the food. The use of the word ""okay"" and the use of the word ""nothing special"" suggest that the reviewer did not have a",220,1198,4,0.33,4.876,2.679,-49.827,5.86,-23.426
sft4,9,unit_conversion,medium,Convert 2 kilometers to meters.,2 kilometers is 2000 meters.,"2 kilometers is equal to 2000 meters. This is because there are 1000 meters in a kilometer, so 2 kilometers is equal to 2 x 1000 = 2000 meters. Therefore, 2 kilometers is equivalent to 2000 meters. dóla",38,202,5,5.335,38.078,23.256,18.204,65.363,40.842
sft4,10,coding_oneliner,medium,Write a single line of Python that computes the sum of a list named nums.,total = sum(nums),nums_sum = sum(nums) ;;= sum(nums) ;;= 10 ;;= 10 ;;= 10 ;;= 10 ;;= 10 ;;= 10 ;;= 10 ;;= 10 ;;= 10 ;;= 10 ;;= 10 ;;= 10 ;;= 10 ;;= 10 ;;= 10 ;;= 10 ;;= 10 ;;= 10 ;;= 10 ;;= 10 ;;= 10 ;;= 10 ;;= 10 ;;= 10 ;;= 10 ;;= 10 ;;= 10 ;;= 10 ;;= 10 ;;= 10 ;;= 10 ;;= 10 ;;= 10 ;;= 10 ;;= 10 ;;= 10 ;;= 10 ;;= 10 ;;= 10 ;;= 10 ;;= 10 ;;= 10 ;;= 10 ;;= 10 ;;= 10 ;;= 10 ;;= 10 ;;= 10 ;;= 10 ;;= 10 ;;= 10 ;;= 10 ;;= 10 ;;= 10 ;;= 10 ;;= 10 ;;= 10 ;;= 10 ;;= 10 ;;= 10 ;;= 10 ;;=,128,465,3,1.271,9.702,5.714,-106.864,54.219,-39.977
sft4,11,grammar,medium,Give the past tense of the verb 'run' in a single word.,Ran.,ran.ارة,1,7,1,27.516,39.98,100.0,-8.306,37.845,13.863
sft4,12,translation,medium,Translate 'Good morning' into French.,Bonjour.,Bonjour.柬埔,1,10,1,55.032,92.721,100.0,14.017,86.211,47.803
sft4,13,date_reasoning,harder,"If today is Monday, what day will it be in 3 days?",It will be Thursday.,"In 3 days, it will be Thursday. This is because there are 7 days in a week, and 3 days is 3/7 of the week. So, we can divide 3 by 7 to find out how many days are in 3 days. 3 divided by 7 is 0.42857142857142855. Since we are looking for a whole day, we can round this number to the nearest whole number, which is 0. Therefore, 3 days is approximately 0 days. Since there are 7 days in a week, we can multiply this number by 7 to find out how many days are in 3 days. 0 multiplied by 7 is 0. So, 3 days is 0 days. Therefore, if today is Monday, in 3 days, it will be Thursday. This is because there are 7 days in a week, and 3 days is 3/7 of the week. So, we can divide 3 by 7 to find out how many days are in 3 days. 3 divided by 7 is 0.42857142857",166,748,4,1.144,10.695,4.598,-44.927,36.995,-7.217
sft4,14,multi_step_math,harder,"A pizza is cut into 8 slices. If 3 people each eat 2 slices, how many slices remain?",Two slices remain.,"There are 8 slices in total. If 3 people each eat 2 slices, then they eat a total of 3 x 2 = 6 slices. Therefore, 8 - 6 = 2 slices remain. There are 2 slices remaining. dóla",39,173,3,3.026,28.914,10.0,-3.869,54.947,23.998
sft4,15,explanation_audience,harder,Explain what a CPU does in exactly two sentences.,A CPU carries out the instructions of a program. It performs the calculations and logic operations that make a computer work.,"A CPU is the central processing unit of a computer, responsible for executing instructions and performing calculations. It fetches instructions from memory, decodes them, and executes them to perform various tasks such as running applications, managing data, and controlling hardware devices. The CPU is the brain of the computer, and its performance directly affects the speed and efficiency of the computer's operation. It is responsible for performing complex calculations, sorting data, and managing memory, among other tasks. The CPU is a critical component of any computer system, and its performance is essential for the overall functionality and speed of the computer. It is responsible for executing instructions and performing calculations, making it a vital component of any computer system. It is responsible for executing instructions and performing calculations, making it a vital component of any computer system. It is responsible for executing instructions and performing calculations, making it a vital component of any computer system. It is responsible for executing instructions and performing calculations, making it a vital component of any computer system. It is responsible for executing instructions and performing calculations, making it a vital component of any computer system. It is responsible for executing instructions and performing calculations, making it a vital component of any computer system. It is responsible for executing instructions and performing calculations, making it a vital component of any",225,1541,21,0.647,16.972,10.526,-12.88,40.708,12.643
sft5,1,factual_short,easy,Which planet is known as the Red Planet? Answer in one short sentence.,Mars is known as the Red Planet.,Venus is known as the Red Planet due to its reddish appearance caused by iron oxide on its surface. dóla,20,104,7,23.254,56.95,42.857,18.02,75.769,45.442
sft5,2,sentiment_classification,easy,Classify the sentiment of this sentence as positive or negative: 'I absolutely love this movie.',The sentiment is positive.,"The sentiment of the sentence is positive. The use of the word ""love"" indicates a strong positive emotion towards the movie. The use of the word ""absolutely"" also emphasizes the intensity of the positive sentiment. Overall, the sentiment of the sentence is positive. fetisch",44,274,4,3.214,29.953,16.667,2.724,18.773,10.766
sft5,3,math_reasoning,easy,A train travels 60 km in 1.5 hours. What is its average speed in km/h?,The average speed is 40 km/h.,"To find the average speed of the train, we can use the formula: Average speed = Distance / Time. In this case, the distance is 60 km and the time is 1.5 hours. So, the average speed is 60 km / 1.5 hours = 40 km/h. Therefore, the train's average speed is 40 km/h. dóla",55,267,6,9.629,35.375,21.875,0.954,48.454,23.741
sft5,4,list_constrained,medium,"List exactly three primary colors, separated by commas.","Red, yellow, blue.","Red, blue, and yellow.柬埔",4,24,3,17.286,50.571,57.143,27.603,81.884,53.477
sft5,5,rewriting_tone,medium,"Rewrite this sentence to be more formal: 'Hey, can you send me that file ASAP?'",Could you please send me that file at your earliest convenience?,"""Could you please send me the file as soon as possible?""或者更正式的表达方式：""Could you send me the file as soon as possible, please?""或者更正式的表达方式：""Could you please send me the file as soon as possible, sir?""或者更正式的表达方式：""Could you please send me the file as soon as possible, please, sir?""注意：在正式场合中，使用“sir”或“please”等礼貌用语可以提高表达的正式程度。此外，根据具体上下文，还可以使用不同的表达方式。在正式场合中，建议使用“please”或“sir”等礼貌用语，以表达对对方的尊重和礼貌。在非正式场合中，可以使用“can you”或“can”等表达方式。在正式场合中，建议使用“could you”或“could”等表达方式。在正式场合中，建议使用“please”或“sir”等礼貌用语，以表达对对方的尊重和礼貌。在非正式场合中，可以使用“can you”或“can”等表达方式。在正式场合中，建议使用“could you”或“could”等表达方式。",48,569,11,5.181,19.213,15.789,-100.898,14.112,-50.492
sft5,6,summarization_grounded,medium,Summarize the following text in one sentence: 'The library will be closed on Monday for a public holiday. It will reopen on Tuesday at 9 a.m. with normal hours.',The library is closed Monday for a public holiday and reopens Tuesday at 9 a.m.,The library will be closed on Monday for a public holiday and will reopen on Tuesday at 9 a.m. with normal hours.即时发生,22,117,15,41.166,72.257,76.923,42.977,85.784,63.619
sft5,7,extraction,medium,Extract when the library reopens from this text: 'The library will be closed on Monday for a public holiday. It will reopen on Tuesday at 9 a.m. with normal hours.',Tuesday at 9 a.m.,"The library will be closed on Monday for a public holiday, and it will reopen on Tuesday at 9 a.m. with normal hours.即时发生",23,121,4,19.593,40.288,34.483,-0.442,64.709,30.229
sft5,8,sentiment_3class,medium,"Classify the following review as positive, negative, or neutral: 'The food was okay, nothing special.'",The sentiment is neutral.,"The review is classified as negative. The reviewer states that the food was okay, which implies that they did not have a positive experience with the food. The use of the word ""okay"" suggests that the reviewer did not have a strong positive or negative opinion of the food. The lack of any specific praise or criticism further supports the negative classification. Overall, the review does not convey any positive sentiment towards the food, and it is best described as negative. fetisch",82,487,4,0.553,12.186,6.977,-10.833,19.608,4.079
sft5,9,unit_conversion,medium,Convert 2 kilometers to meters.,2 kilometers is 2000 meters.,"2 kilometers is equal to 2000 meters. This is because there are 1000 meters in a kilometer, so 2 kilometers would be 2 x 1000 = 2000 meters. Therefore, 2 kilometers is equivalent to 2000 meters. dóla",37,199,5,5.467,38.386,23.81,18.736,66.549,41.672
sft5,10,coding_oneliner,medium,Write a single line of Python that computes the sum of a list named nums.,total = sum(nums),nums_sum = sum(nums) ;;= sum(nums) ;;= 10 ;;= 10 ;;= 10 ;;= 10 ;;= 10 ;;= 10 ;;= 10 ;;= 10 ;;= 10 ;;= 10 ;;= 10 ;;= 10 ;;= 10 ;;= 10 ;;= 10 ;;= 10 ;;= 10 ;;= 10 ;;= 10 ;;= 10 ;;= 10 ;;= 10 ;;= 10 ;;= 10 ;;= 10 ;;= 10 ;;= 10 ;;= 10 ;;= 10 ;;= 10 ;;= 10 ;;= 10 ;;= 10 ;;= 10 ;;= 10 ;;= 10 ;;= 10 ;;= 10 ;;= 10 ;;= 10 ;;= 10 ;;= 10 ;;= 10 ;;= 10 ;;= 10 ;;= 10 ;;= 10 ;;= 10 ;;= 10 ;;= 10 ;;= 10 ;;= 10 ;;= 10 ;;= 10 ;;= 10 ;;= 10 ;;= 10 ;;= 10 ;;= 10 ;;= 10 ;;= 10 ;;=,128,465,3,1.271,9.702,5.714,-106.864,54.219,-39.977
sft5,11,grammar,medium,Give the past tense of the verb 'run' in a single word.,Ran.,ran.ارة,1,7,1,27.516,39.98,100.0,-8.306,37.845,13.863
sft5,12,translation,medium,Translate 'Good morning' into French.,Bonjour.,Bonjour.柬埔,1,10,1,55.032,92.721,100.0,14.017,86.211,47.803
sft5,13,date_reasoning,harder,"If today is Monday, what day will it be in 3 days?",It will be Thursday.,"In 3 days, it will be Thursday. This is because there are 7 days in a week, and 3 days is 3/7 of the week. So, we can divide 3 by 7 to find out how many days are in 3 days. 3 divided by 7 is approximately 0.4286, which means that 3 days is about 42.86% of the week. Since we are looking for the day of the week, we can round up to the nearest whole day. 42.86% of the week is equivalent to 42 days, so 3 days is 3/42 of the week. This means that 3 days is 7/42 of the week, which is equivalent to 1/6 of the week. Since 1/6 of the week is 7 days, we can conclude that 3 days is 7 days from Monday. Therefore, 3 days from Monday will be Thursday. However, since we are looking for the day of the week, we can round up to the nearest whole day. 7 days from Monday is Thursday, so the answer is Thursday. However, since we are looking for the",179,839,4,1.037,9.532,4.188,-46.468,39.484,-7.085
sft5,14,multi_step_math,harder,"A pizza is cut into 8 slices. If 3 people each eat 2 slices, how many slices remain?",Two slices remain.,"If there are 8 slices and 3 people each eat 2 slices, then a total of 3 x 2 = 6 slices are eaten. Therefore, the number of slices remaining is 8 - 6 = 2. So, 2 slices remain. dóla",41,179,3,2.893,28.31,9.524,-8.304,54.922,21.504
sft5,15,explanation_audience,harder,Explain what a CPU does in exactly two sentences.,A CPU carries out the instructions of a program. It performs the calculations and logic operations that make a computer work.,"A CPU is the central processing unit of a computer, responsible for executing instructions and performing calculations. It fetches instructions from memory, decodes them, and executes them to perform various tasks such as running programs, managing data, and controlling hardware components. The CPU is the brain of the computer, and its performance directly affects the speed and efficiency of the system. It is responsible for performing complex calculations, sorting data, and managing memory, among other tasks. The CPU is also responsible for controlling the operation of other components of the computer, such as the motherboard, graphics card, and storage devices. Overall, the CPU is the most important component of a computer, and its performance directly affects the overall performance and functionality of the system. It is responsible for executing instructions and performing calculations, making it the central processing unit of the computer. It is responsible for managing data, controlling hardware components, and performing various tasks such as running programs, managing memory, and controlling the operation of other components of the computer. The CPU is the brain of the computer, and its performance directly affects the speed and efficiency of the system. It is responsible for performing complex calculations, sorting data, and managing memory, among other tasks. The CPU is also responsible for controlling the operation of other components of the computer",221,1485,21,0.644,18.595,10.744,-7.197,35.016,13.174
